Shrinkage,Avg_UR,Avg_Elasticity,Valid_Months
0.05,0.029657509312199275,5.927230874537974,204
0.1,0.026755584960871808,6.118400686020262,208
0.2,0.015001150617769549,6.541949353521967,202
0.5,0.006506484664064281,7.188170481633957,201
0.75,0.0063043601840132866,7.47641005173152,204
0.9,0.006158993877900644,7.593517112425274,201
0.95,0.006203156652029507,7.634324041152164,203
